<?xml version="1.0" encoding="UTF-8"?>
<project-private xmlns="http://www.netbeans.org/ns/project-private/1">
    <editor-bookmarks xmlns="http://www.netbeans.org/ns/editor-bookmarks/2" lastBookmarkId="0"/>
    <open-files xmlns="http://www.netbeans.org/ns/projectui-open-files/2">
        <group>
            <file>file:/L:/HarryBorrison/Class/Class_Buoi7/src/class_buoi7/Store.java</file>
            <file>file:/L:/HarryBorrison/Class/Class_Buoi7/src/class_buoi7/Main.java</file>
            <file>file:/L:/HarryBorrison/Class/Class_Buoi7/src/class_buoi7/Camera.java</file>
            <file>file:/L:/HarryBorrison/Class/Class_Buoi7/src/class_buoi7/Product.java</file>
            <file>file:/L:/HarryBorrison/Class/Class_Buoi7/src/class_buoi7/SmartPhone.java</file>
        </group>
    </open-files>
</project-private>
