<?xml version="1.0" encoding="UTF-8"?>
<project-private xmlns="http://www.netbeans.org/ns/project-private/1">
    <editor-bookmarks xmlns="http://www.netbeans.org/ns/editor-bookmarks/2" lastBookmarkId="0"/>
    <open-files xmlns="http://www.netbeans.org/ns/projectui-open-files/2">
        <group>
            <file>file:/C:/Users/USER/Documents/NetBeansProjects/Lab_5/src/lab_5/Main.java</file>
            <file>file:/C:/Users/USER/Documents/NetBeansProjects/Lab_5/src/lab_5/Person.java</file>
            <file>file:/C:/Users/USER/Documents/NetBeansProjects/Lab_5/src/lab_5/Student.java</file>
            <file>file:/C:/Users/USER/Documents/NetBeansProjects/Lab_5/src/lab_5/Classes.java</file>
            <file>file:/C:/Users/USER/Documents/NetBeansProjects/Lab_5/src/lab_5/Teacher.java</file>
        </group>
    </open-files>
</project-private>
