<?xml version="1.0" encoding="UTF-8"?>
<project-private xmlns="http://www.netbeans.org/ns/project-private/1">
    <editor-bookmarks xmlns="http://www.netbeans.org/ns/editor-bookmarks/2" lastBookmarkId="0"/>
    <open-files xmlns="http://www.netbeans.org/ns/projectui-open-files/2">
        <group>
            <file>file:/E:/Secr3t/SQL/Exc_JDBC/src/exc_jdbc/Connector.java</file>
            <file>file:/E:/Secr3t/SQL/Exc_JDBC/src/exc_jdbc/QLSV.java</file>
            <file>file:/E:/Secr3t/SQL/Exc_JDBC/src/exc_jdbc/SinhVien.java</file>
            <file>file:/E:/Secr3t/SQL/Exc_JDBC/src/exc_jdbc/Main.java</file>
        </group>
    </open-files>
</project-private>
